id,filename,dr_grade,adjudicated_dme,adjudicated_gradable,split
0,test/IDRiD_029.jpg,0,,,e
1,test/IDRiD_030.jpg,0,,,e
2,test/IDRiD_037.jpg,0,,,e
3,test/IDRiD_038.jpg,0,,,e
4,test/IDRiD_039.jpg,0,,,e
5,test/IDRiD_041.jpg,0,,,e
6,test/IDRiD_043.jpg,0,,,e
7,test/IDRiD_044.jpg,0,,,e
8,test/IDRiD_045.jpg,0,,,e
9,test/IDRiD_047.jpg,0,,,e
10,test/IDRiD_050.jpg,0,,,e
11,test/IDRiD_052.jpg,0,,,e
12,test/IDRiD_054.jpg,0,,,e
13,test/IDRiD_055.jpg,0,,,e
14,test/IDRiD_056.jpg,0,,,e
15,test/IDRiD_058.jpg,0,,,e
16,test/IDRiD_068.jpg,0,,,e
17,test/IDRiD_069.jpg,0,,,e
18,test/IDRiD_070.jpg,0,,,e
19,test/IDRiD_071.jpg,0,,,e
20,test/IDRiD_075.jpg,0,,,e
21,test/IDRiD_077.jpg,0,,,e
22,test/IDRiD_078.jpg,0,,,e
23,test/IDRiD_080.jpg,0,,,e
24,test/IDRiD_090.jpg,0,,,e
25,test/IDRiD_092.jpg,0,,,e
26,test/IDRiD_093.jpg,0,,,e
27,test/IDRiD_094.jpg,0,,,e
28,test/IDRiD_095.jpg,0,,,e
29,test/IDRiD_096.jpg,0,,,e
30,test/IDRiD_097.jpg,0,,,e
31,test/IDRiD_098.jpg,0,,,e
32,test/IDRiD_099.jpg,0,,,e
33,test/IDRiD_103.jpg,0,,,e
34,test/IDRiD_063.jpg,1,,,e
35,test/IDRiD_073.jpg,1,,,e
36,test/IDRiD_074.jpg,1,,,e
37,test/IDRiD_085.jpg,1,,,e
38,test/IDRiD_101.jpg,1,,,e
39,test/IDRiD_008.jpg,2,,,e
40,test/IDRiD_009.jpg,2,,,e
41,test/IDRiD_010.jpg,2,,,e
42,test/IDRiD_011.jpg,2,,,e
43,test/IDRiD_012.jpg,2,,,e
44,test/IDRiD_015.jpg,2,,,e
45,test/IDRiD_017.jpg,2,,,e
46,test/IDRiD_019.jpg,2,,,e
47,test/IDRiD_020.jpg,2,,,e
48,test/IDRiD_023.jpg,2,,,e
49,test/IDRiD_024.jpg,2,,,e
50,test/IDRiD_028.jpg,2,,,e
51,test/IDRiD_033.jpg,2,,,e
52,test/IDRiD_046.jpg,2,,,e
53,test/IDRiD_049.jpg,2,,,e
54,test/IDRiD_051.jpg,2,,,e
55,test/IDRiD_059.jpg,2,,,e
56,test/IDRiD_065.jpg,2,,,e
57,test/IDRiD_067.jpg,2,,,e
58,test/IDRiD_072.jpg,2,,,e
59,test/IDRiD_076.jpg,2,,,e
60,test/IDRiD_079.jpg,2,,,e
61,test/IDRiD_081.jpg,2,,,e
62,test/IDRiD_082.jpg,2,,,e
63,test/IDRiD_083.jpg,2,,,e
64,test/IDRiD_084.jpg,2,,,e
65,test/IDRiD_086.jpg,2,,,e
66,test/IDRiD_088.jpg,2,,,e
67,test/IDRiD_089.jpg,2,,,e
68,test/IDRiD_091.jpg,2,,,e
69,test/IDRiD_100.jpg,2,,,e
70,test/IDRiD_102.jpg,2,,,e
71,test/IDRiD_006.jpg,3,,,e
72,test/IDRiD_007.jpg,3,,,e
73,test/IDRiD_013.jpg,3,,,e
74,test/IDRiD_014.jpg,3,,,e
75,test/IDRiD_016.jpg,3,,,e
76,test/IDRiD_018.jpg,3,,,e
77,test/IDRiD_021.jpg,3,,,e
78,test/IDRiD_022.jpg,3,,,e
79,test/IDRiD_025.jpg,3,,,e
80,test/IDRiD_026.jpg,3,,,e
81,test/IDRiD_027.jpg,3,,,e
82,test/IDRiD_031.jpg,3,,,e
83,test/IDRiD_034.jpg,3,,,e
84,test/IDRiD_035.jpg,3,,,e
85,test/IDRiD_036.jpg,3,,,e
86,test/IDRiD_042.jpg,3,,,e
87,test/IDRiD_060.jpg,3,,,e
88,test/IDRiD_064.jpg,3,,,e
89,test/IDRiD_066.jpg,3,,,e
90,test/IDRiD_001.jpg,4,,,e
91,test/IDRiD_002.jpg,4,,,e
92,test/IDRiD_003.jpg,4,,,e
93,test/IDRiD_004.jpg,4,,,e
94,test/IDRiD_005.jpg,4,,,e
95,test/IDRiD_032.jpg,4,,,e
96,test/IDRiD_040.jpg,4,,,e
97,test/IDRiD_048.jpg,4,,,e
98,test/IDRiD_053.jpg,4,,,e
99,test/IDRiD_057.jpg,4,,,e
100,test/IDRiD_061.jpg,4,,,e
101,test/IDRiD_062.jpg,4,,,e
102,test/IDRiD_087.jpg,4,,,e
103,train/IDRiD_118.jpg,0,,,t
104,train/IDRiD_138.jpg,0,,,v
105,train/IDRiD_139.jpg,0,,,v
106,train/IDRiD_140.jpg,0,,,t
107,train/IDRiD_143.jpg,0,,,t
108,train/IDRiD_144.jpg,0,,,t
109,train/IDRiD_145.jpg,0,,,t
110,train/IDRiD_146.jpg,0,,,t
111,train/IDRiD_147.jpg,0,,,t
112,train/IDRiD_148.jpg,0,,,t
113,train/IDRiD_149.jpg,0,,,t
114,train/IDRiD_150.jpg,0,,,t
115,train/IDRiD_151.jpg,0,,,t
116,train/IDRiD_152.jpg,0,,,t
117,train/IDRiD_155.jpg,0,,,v
118,train/IDRiD_156.jpg,0,,,t
119,train/IDRiD_157.jpg,0,,,t
120,train/IDRiD_158.jpg,0,,,t
121,train/IDRiD_159.jpg,0,,,t
122,train/IDRiD_160.jpg,0,,,t
123,train/IDRiD_161.jpg,0,,,v
124,train/IDRiD_162.jpg,0,,,v
125,train/IDRiD_163.jpg,0,,,t
126,train/IDRiD_164.jpg,0,,,v
127,train/IDRiD_165.jpg,0,,,t
128,train/IDRiD_166.jpg,0,,,t
129,train/IDRiD_167.jpg,0,,,t
130,train/IDRiD_169.jpg,0,,,t
131,train/IDRiD_171.jpg,0,,,t
132,train/IDRiD_172.jpg,0,,,v
133,train/IDRiD_174.jpg,0,,,t
134,train/IDRiD_175.jpg,0,,,t
135,train/IDRiD_176.jpg,0,,,t
136,train/IDRiD_177.jpg,0,,,t
137,train/IDRiD_179.jpg,0,,,t
138,train/IDRiD_182.jpg,0,,,t
139,train/IDRiD_193.jpg,0,,,t
140,train/IDRiD_195.jpg,0,,,v
141,train/IDRiD_199.jpg,0,,,t
142,train/IDRiD_200.jpg,0,,,t
143,train/IDRiD_202.jpg,0,,,t
144,train/IDRiD_204.jpg,0,,,t
145,train/IDRiD_206.jpg,0,,,t
146,train/IDRiD_209.jpg,0,,,t
147,train/IDRiD_211.jpg,0,,,t
148,train/IDRiD_212.jpg,0,,,t
149,train/IDRiD_214.jpg,0,,,t
150,train/IDRiD_217.jpg,0,,,t
151,train/IDRiD_218.jpg,0,,,t
152,train/IDRiD_219.jpg,0,,,t
153,train/IDRiD_220.jpg,0,,,t
154,train/IDRiD_222.jpg,0,,,t
155,train/IDRiD_223.jpg,0,,,v
156,train/IDRiD_225.jpg,0,,,t
157,train/IDRiD_227.jpg,0,,,t
158,train/IDRiD_228.jpg,0,,,t
159,train/IDRiD_229.jpg,0,,,t
160,train/IDRiD_230.jpg,0,,,t
161,train/IDRiD_233.jpg,0,,,t
162,train/IDRiD_234.jpg,0,,,t
163,train/IDRiD_235.jpg,0,,,t
164,train/IDRiD_238.jpg,0,,,t
165,train/IDRiD_244.jpg,0,,,t
166,train/IDRiD_249.jpg,0,,,v
167,train/IDRiD_250.jpg,0,,,t
168,train/IDRiD_251.jpg,0,,,t
169,train/IDRiD_255.jpg,0,,,t
170,train/IDRiD_257.jpg,0,,,t
171,train/IDRiD_258.jpg,0,,,t
172,train/IDRiD_259.jpg,0,,,t
173,train/IDRiD_264.jpg,0,,,t
174,train/IDRiD_267.jpg,0,,,v
175,train/IDRiD_273.jpg,0,,,t
176,train/IDRiD_274.jpg,0,,,t
177,train/IDRiD_287.jpg,0,,,v
178,train/IDRiD_288.jpg,0,,,t
179,train/IDRiD_292.jpg,0,,,t
180,train/IDRiD_295.jpg,0,,,t
181,train/IDRiD_297.jpg,0,,,t
182,train/IDRiD_298.jpg,0,,,t
183,train/IDRiD_305.jpg,0,,,t
184,train/IDRiD_307.jpg,0,,,t
185,train/IDRiD_312.jpg,0,,,v
186,train/IDRiD_315.jpg,0,,,t
187,train/IDRiD_316.jpg,0,,,t
188,train/IDRiD_317.jpg,0,,,t
189,train/IDRiD_318.jpg,0,,,v
190,train/IDRiD_331.jpg,0,,,v
191,train/IDRiD_336.jpg,0,,,t
192,train/IDRiD_342.jpg,0,,,t
193,train/IDRiD_345.jpg,0,,,t
194,train/IDRiD_346.jpg,0,,,t
195,train/IDRiD_351.jpg,0,,,v
196,train/IDRiD_353.jpg,0,,,t
197,train/IDRiD_355.jpg,0,,,t
198,train/IDRiD_367.jpg,0,,,t
199,train/IDRiD_370.jpg,0,,,t
200,train/IDRiD_373.jpg,0,,,t
201,train/IDRiD_378.jpg,0,,,t
202,train/IDRiD_382.jpg,0,,,v
203,train/IDRiD_387.jpg,0,,,t
204,train/IDRiD_393.jpg,0,,,t
205,train/IDRiD_395.jpg,0,,,v
206,train/IDRiD_396.jpg,0,,,v
207,train/IDRiD_399.jpg,0,,,t
208,train/IDRiD_400.jpg,0,,,t
209,train/IDRiD_406.jpg,0,,,v
210,train/IDRiD_021.jpg,1,,,v
211,train/IDRiD_079.jpg,1,,,t
212,train/IDRiD_105.jpg,1,,,v
213,train/IDRiD_198.jpg,1,,,t
214,train/IDRiD_203.jpg,1,,,v
215,train/IDRiD_265.jpg,1,,,t
216,train/IDRiD_266.jpg,1,,,t
217,train/IDRiD_279.jpg,1,,,t
218,train/IDRiD_291.jpg,1,,,t
219,train/IDRiD_301.jpg,1,,,t
220,train/IDRiD_302.jpg,1,,,t
221,train/IDRiD_304.jpg,1,,,t
222,train/IDRiD_379.jpg,1,,,t
223,train/IDRiD_402.jpg,1,,,t
224,train/IDRiD_403.jpg,1,,,t
225,train/IDRiD_408.jpg,1,,,t
226,train/IDRiD_003.jpg,2,,,t
227,train/IDRiD_016.jpg,2,,,t
228,train/IDRiD_018.jpg,2,,,t
229,train/IDRiD_019.jpg,2,,,t
230,train/IDRiD_037.jpg,2,,,t
231,train/IDRiD_038.jpg,2,,,v
232,train/IDRiD_041.jpg,2,,,t
233,train/IDRiD_042.jpg,2,,,t
234,train/IDRiD_043.jpg,2,,,t
235,train/IDRiD_044.jpg,2,,,t
236,train/IDRiD_045.jpg,2,,,t
237,train/IDRiD_047.jpg,2,,,t
238,train/IDRiD_048.jpg,2,,,v
239,train/IDRiD_050.jpg,2,,,t
240,train/IDRiD_056.jpg,2,,,t
241,train/IDRiD_058.jpg,2,,,t
242,train/IDRiD_059.jpg,2,,,t
243,train/IDRiD_060.jpg,2,,,t
244,train/IDRiD_061.jpg,2,,,t
245,train/IDRiD_063.jpg,2,,,t
246,train/IDRiD_064.jpg,2,,,t
247,train/IDRiD_068.jpg,2,,,t
248,train/IDRiD_069.jpg,2,,,t
249,train/IDRiD_071.jpg,2,,,t
250,train/IDRiD_072.jpg,2,,,t
251,train/IDRiD_073.jpg,2,,,t
252,train/IDRiD_074.jpg,2,,,t
253,train/IDRiD_078.jpg,2,,,v
254,train/IDRiD_082.jpg,2,,,v
255,train/IDRiD_085.jpg,2,,,v
256,train/IDRiD_087.jpg,2,,,t
257,train/IDRiD_091.jpg,2,,,v
258,train/IDRiD_092.jpg,2,,,t
259,train/IDRiD_093.jpg,2,,,t
260,train/IDRiD_097.jpg,2,,,t
261,train/IDRiD_106.jpg,2,,,v
262,train/IDRiD_107.jpg,2,,,t
263,train/IDRiD_113.jpg,2,,,t
264,train/IDRiD_116.jpg,2,,,t
265,train/IDRiD_117.jpg,2,,,t
266,train/IDRiD_120.jpg,2,,,t
267,train/IDRiD_122.jpg,2,,,v
268,train/IDRiD_123.jpg,2,,,t
269,train/IDRiD_125.jpg,2,,,v
270,train/IDRiD_126.jpg,2,,,v
271,train/IDRiD_128.jpg,2,,,t
272,train/IDRiD_129.jpg,2,,,t
273,train/IDRiD_130.jpg,2,,,t
274,train/IDRiD_131.jpg,2,,,t
275,train/IDRiD_132.jpg,2,,,t
276,train/IDRiD_134.jpg,2,,,t
277,train/IDRiD_135.jpg,2,,,v
278,train/IDRiD_136.jpg,2,,,t
279,train/IDRiD_183.jpg,2,,,t
280,train/IDRiD_185.jpg,2,,,t
281,train/IDRiD_186.jpg,2,,,t
282,train/IDRiD_187.jpg,2,,,v
283,train/IDRiD_188.jpg,2,,,t
284,train/IDRiD_191.jpg,2,,,v
285,train/IDRiD_196.jpg,2,,,t
286,train/IDRiD_201.jpg,2,,,t
287,train/IDRiD_215.jpg,2,,,v
288,train/IDRiD_216.jpg,2,,,v
289,train/IDRiD_231.jpg,2,,,t
290,train/IDRiD_232.jpg,2,,,t
291,train/IDRiD_236.jpg,2,,,v
292,train/IDRiD_237.jpg,2,,,t
293,train/IDRiD_241.jpg,2,,,t
294,train/IDRiD_242.jpg,2,,,t
295,train/IDRiD_245.jpg,2,,,t
296,train/IDRiD_247.jpg,2,,,v
297,train/IDRiD_252.jpg,2,,,t
298,train/IDRiD_260.jpg,2,,,t
299,train/IDRiD_263.jpg,2,,,t
300,train/IDRiD_270.jpg,2,,,t
301,train/IDRiD_280.jpg,2,,,t
302,train/IDRiD_281.jpg,2,,,t
303,train/IDRiD_282.jpg,2,,,t
304,train/IDRiD_283.jpg,2,,,t
305,train/IDRiD_284.jpg,2,,,t
306,train/IDRiD_293.jpg,2,,,t
307,train/IDRiD_294.jpg,2,,,t
308,train/IDRiD_300.jpg,2,,,t
309,train/IDRiD_303.jpg,2,,,v
310,train/IDRiD_310.jpg,2,,,t
311,train/IDRiD_311.jpg,2,,,v
312,train/IDRiD_319.jpg,2,,,t
313,train/IDRiD_325.jpg,2,,,t
314,train/IDRiD_326.jpg,2,,,t
315,train/IDRiD_328.jpg,2,,,t
316,train/IDRiD_332.jpg,2,,,t
317,train/IDRiD_333.jpg,2,,,t
318,train/IDRiD_337.jpg,2,,,t
319,train/IDRiD_340.jpg,2,,,t
320,train/IDRiD_343.jpg,2,,,t
321,train/IDRiD_363.jpg,2,,,v
322,train/IDRiD_374.jpg,2,,,t
323,train/IDRiD_375.jpg,2,,,t
324,train/IDRiD_391.jpg,2,,,t
325,train/IDRiD_398.jpg,2,,,t
326,train/IDRiD_401.jpg,2,,,t
327,train/IDRiD_405.jpg,2,,,t
328,train/IDRiD_407.jpg,2,,,t
329,train/IDRiD_409.jpg,2,,,t
330,train/IDRiD_410.jpg,2,,,t
331,train/IDRiD_411.jpg,2,,,t
332,train/IDRiD_412.jpg,2,,,t
333,train/IDRiD_413.jpg,2,,,v
334,train/IDRiD_001.jpg,3,,,t
335,train/IDRiD_002.jpg,3,,,t
336,train/IDRiD_009.jpg,3,,,t
337,train/IDRiD_011.jpg,3,,,t
338,train/IDRiD_012.jpg,3,,,t
339,train/IDRiD_013.jpg,3,,,t
340,train/IDRiD_023.jpg,3,,,t
341,train/IDRiD_025.jpg,3,,,t
342,train/IDRiD_026.jpg,3,,,t
343,train/IDRiD_035.jpg,3,,,t
344,train/IDRiD_036.jpg,3,,,t
345,train/IDRiD_039.jpg,3,,,t
346,train/IDRiD_040.jpg,3,,,t
347,train/IDRiD_049.jpg,3,,,t
348,train/IDRiD_055.jpg,3,,,t
349,train/IDRiD_057.jpg,3,,,v
350,train/IDRiD_065.jpg,3,,,t
351,train/IDRiD_075.jpg,3,,,v
352,train/IDRiD_077.jpg,3,,,t
353,train/IDRiD_088.jpg,3,,,t
354,train/IDRiD_095.jpg,3,,,t
355,train/IDRiD_098.jpg,3,,,t
356,train/IDRiD_099.jpg,3,,,t
357,train/IDRiD_110.jpg,3,,,v
358,train/IDRiD_112.jpg,3,,,v
359,train/IDRiD_114.jpg,3,,,t
360,train/IDRiD_115.jpg,3,,,t
361,train/IDRiD_180.jpg,3,,,t
362,train/IDRiD_253.jpg,3,,,t
363,train/IDRiD_269.jpg,3,,,t
364,train/IDRiD_271.jpg,3,,,t
365,train/IDRiD_277.jpg,3,,,t
366,train/IDRiD_278.jpg,3,,,v
367,train/IDRiD_299.jpg,3,,,t
368,train/IDRiD_306.jpg,3,,,v
369,train/IDRiD_308.jpg,3,,,v
370,train/IDRiD_314.jpg,3,,,t
371,train/IDRiD_320.jpg,3,,,v
372,train/IDRiD_323.jpg,3,,,t
373,train/IDRiD_324.jpg,3,,,t
374,train/IDRiD_327.jpg,3,,,v
375,train/IDRiD_329.jpg,3,,,t
376,train/IDRiD_330.jpg,3,,,t
377,train/IDRiD_344.jpg,3,,,t
378,train/IDRiD_347.jpg,3,,,t
379,train/IDRiD_349.jpg,3,,,t
380,train/IDRiD_354.jpg,3,,,t
381,train/IDRiD_357.jpg,3,,,t
382,train/IDRiD_364.jpg,3,,,t
383,train/IDRiD_366.jpg,3,,,t
384,train/IDRiD_368.jpg,3,,,t
385,train/IDRiD_369.jpg,3,,,t
386,train/IDRiD_371.jpg,3,,,t
387,train/IDRiD_372.jpg,3,,,v
388,train/IDRiD_376.jpg,3,,,t
389,train/IDRiD_377.jpg,3,,,t
390,train/IDRiD_383.jpg,3,,,t
391,train/IDRiD_384.jpg,3,,,t
392,train/IDRiD_385.jpg,3,,,t
393,train/IDRiD_005.jpg,4,,,t
394,train/IDRiD_006.jpg,4,,,v
395,train/IDRiD_010.jpg,4,,,v
396,train/IDRiD_014.jpg,4,,,t
397,train/IDRiD_015.jpg,4,,,t
398,train/IDRiD_017.jpg,4,,,t
399,train/IDRiD_022.jpg,4,,,t
400,train/IDRiD_024.jpg,4,,,t
401,train/IDRiD_027.jpg,4,,,t
402,train/IDRiD_028.jpg,4,,,t
403,train/IDRiD_030.jpg,4,,,t
404,train/IDRiD_031.jpg,4,,,t
405,train/IDRiD_032.jpg,4,,,t
406,train/IDRiD_033.jpg,4,,,t
407,train/IDRiD_046.jpg,4,,,t
408,train/IDRiD_053.jpg,4,,,t
409,train/IDRiD_054.jpg,4,,,t
410,train/IDRiD_062.jpg,4,,,t
411,train/IDRiD_067.jpg,4,,,t
412,train/IDRiD_070.jpg,4,,,t
413,train/IDRiD_081.jpg,4,,,t
414,train/IDRiD_086.jpg,4,,,v
415,train/IDRiD_089.jpg,4,,,v
416,train/IDRiD_090.jpg,4,,,v
417,train/IDRiD_096.jpg,4,,,t
418,train/IDRiD_104.jpg,4,,,t
419,train/IDRiD_178.jpg,4,,,v
420,train/IDRiD_189.jpg,4,,,t
421,train/IDRiD_224.jpg,4,,,t
422,train/IDRiD_240.jpg,4,,,t
423,train/IDRiD_246.jpg,4,,,v
424,train/IDRiD_254.jpg,4,,,v
425,train/IDRiD_272.jpg,4,,,t
426,train/IDRiD_286.jpg,4,,,t
427,train/IDRiD_289.jpg,4,,,t
428,train/IDRiD_361.jpg,4,,,t
429,train/IDRiD_362.jpg,4,,,t
430,train/IDRiD_390.jpg,4,,,t
431,train/IDRiD_392.jpg,4,,,t
432,train/IDRiD_141.jpg,0,,,v
433,train/IDRiD_142.jpg,0,,,t
434,train/IDRiD_153.jpg,0,,,t
435,train/IDRiD_154.jpg,0,,,t
436,train/IDRiD_168.jpg,0,,,t
437,train/IDRiD_170.jpg,0,,,t
438,train/IDRiD_173.jpg,0,,,v
439,train/IDRiD_181.jpg,0,,,t
440,train/IDRiD_184.jpg,0,,,t
441,train/IDRiD_190.jpg,0,,,v
442,train/IDRiD_197.jpg,0,,,t
443,train/IDRiD_205.jpg,0,,,t
444,train/IDRiD_210.jpg,0,,,t
445,train/IDRiD_213.jpg,0,,,t
446,train/IDRiD_221.jpg,0,,,v
447,train/IDRiD_226.jpg,0,,,t
448,train/IDRiD_243.jpg,0,,,v
449,train/IDRiD_268.jpg,0,,,t
450,train/IDRiD_275.jpg,0,,,t
451,train/IDRiD_276.jpg,0,,,v
452,train/IDRiD_335.jpg,0,,,t
453,train/IDRiD_352.jpg,0,,,t
454,train/IDRiD_358.jpg,0,,,t
455,train/IDRiD_359.jpg,0,,,t
456,train/IDRiD_365.jpg,0,,,t
457,train/IDRiD_381.jpg,0,,,t
458,train/IDRiD_386.jpg,0,,,v
459,train/IDRiD_194.jpg,1,,,t
460,train/IDRiD_256.jpg,1,,,t
461,train/IDRiD_290.jpg,1,,,t
462,train/IDRiD_388.jpg,1,,,v
463,train/IDRiD_020.jpg,2,,,t
464,train/IDRiD_029.jpg,2,,,t
465,train/IDRiD_051.jpg,2,,,t
466,train/IDRiD_052.jpg,2,,,t
467,train/IDRiD_076.jpg,2,,,t
468,train/IDRiD_080.jpg,2,,,t
469,train/IDRiD_083.jpg,2,,,v
470,train/IDRiD_084.jpg,2,,,t
471,train/IDRiD_094.jpg,2,,,v
472,train/IDRiD_102.jpg,2,,,t
473,train/IDRiD_103.jpg,2,,,v
474,train/IDRiD_109.jpg,2,,,t
475,train/IDRiD_121.jpg,2,,,t
476,train/IDRiD_124.jpg,2,,,t
477,train/IDRiD_127.jpg,2,,,v
478,train/IDRiD_133.jpg,2,,,t
479,train/IDRiD_137.jpg,2,,,v
480,train/IDRiD_208.jpg,2,,,t
481,train/IDRiD_248.jpg,2,,,t
482,train/IDRiD_261.jpg,2,,,t
483,train/IDRiD_262.jpg,2,,,t
484,train/IDRiD_322.jpg,2,,,t
485,train/IDRiD_338.jpg,2,,,t
486,train/IDRiD_348.jpg,2,,,v
487,train/IDRiD_350.jpg,2,,,t
488,train/IDRiD_360.jpg,2,,,t
489,train/IDRiD_397.jpg,2,,,v
490,train/IDRiD_404.jpg,2,,,t
491,train/IDRiD_004.jpg,3,,,t
492,train/IDRiD_034.jpg,3,,,v
493,train/IDRiD_066.jpg,3,,,t
494,train/IDRiD_101.jpg,3,,,t
495,train/IDRiD_108.jpg,3,,,t
496,train/IDRiD_192.jpg,3,,,t
497,train/IDRiD_207.jpg,3,,,v
498,train/IDRiD_296.jpg,3,,,t
499,train/IDRiD_309.jpg,3,,,t
500,train/IDRiD_321.jpg,3,,,t
501,train/IDRiD_334.jpg,3,,,t
502,train/IDRiD_339.jpg,3,,,v
503,train/IDRiD_341.jpg,3,,,v
504,train/IDRiD_356.jpg,3,,,t
505,train/IDRiD_380.jpg,3,,,v
506,train/IDRiD_007.jpg,4,,,v
507,train/IDRiD_008.jpg,4,,,t
508,train/IDRiD_100.jpg,4,,,v
509,train/IDRiD_111.jpg,4,,,t
510,train/IDRiD_119.jpg,4,,,t
511,train/IDRiD_239.jpg,4,,,t
512,train/IDRiD_285.jpg,4,,,t
513,train/IDRiD_313.jpg,4,,,t
514,train/IDRiD_389.jpg,4,,,t
515,train/IDRiD_394.jpg,4,,,t
