id,filename,glaucoma_grade,split
0,images/RET027OD.jpg,0,v
1,images/RET035OD.jpg,0,t
2,images/RET035OS.jpg,0,t
3,images/RET096OD.jpg,0,t
4,images/RET098OD.jpg,0,t
5,images/RET107OD.jpg,0,t
6,images/RET129OS.jpg,0,t
7,images/RET131OD.jpg,0,e
8,images/RET132OD.jpg,0,t
9,images/RET133OD.jpg,0,t
10,images/RET137OD.jpg,0,t
11,images/RET141OS.jpg,0,t
12,images/RET146OS.jpg,0,e
13,images/RET150OS.jpg,0,t
14,images/RET153OS.jpg,0,e
15,images/RET163OS.jpg,0,t
16,images/RET168OS.jpg,0,v
17,images/RET175OD.jpg,0,t
18,images/RET177OD.jpg,0,v
19,images/RET177OS.jpg,0,v
20,images/RET178OD.jpg,0,t
21,images/RET181OS.jpg,0,v
22,images/RET182OD.jpg,0,t
23,images/RET184OD.jpg,0,t
24,images/RET184OS.jpg,0,t
25,images/RET190OS.jpg,0,t
26,images/RET191OS.jpg,0,v
27,images/RET192OS.jpg,0,e
28,images/RET197OD.jpg,0,v
29,images/RET198OD.jpg,0,v
30,images/RET198OS.jpg,0,v
31,images/RET199OD.jpg,0,t
32,images/RET200OD.jpg,0,v
33,images/RET200OS.jpg,0,v
34,images/RET201OD.jpg,0,t
35,images/RET202OD.jpg,0,v
36,images/RET203OD.jpg,0,t
37,images/RET203OS.jpg,0,t
38,images/RET210OD.jpg,0,t
39,images/RET211OS.jpg,0,e
40,images/RET212OD.jpg,0,t
41,images/RET213OS.jpg,0,t
42,images/RET216OD.jpg,0,t
43,images/RET216OS.jpg,0,t
44,images/RET220OD.jpg,0,t
45,images/RET220OS.jpg,0,t
46,images/RET224OD.jpg,0,t
47,images/RET228OS.jpg,0,t
48,images/RET231OD.jpg,0,v
49,images/RET237OD.jpg,0,t
50,images/RET245OS.jpg,0,t
51,images/RET252OS.jpg,0,e
52,images/RET253OD.jpg,0,t
53,images/RET253OS.jpg,0,t
54,images/RET256OD.jpg,0,t
55,images/RET258OD.jpg,0,t
56,images/RET259OD.jpg,0,t
57,images/RET261OS.jpg,0,e
58,images/RET267OD.jpg,0,v
59,images/RET271OS.jpg,0,v
60,images/RET272OD.jpg,0,t
61,images/RET277OS.jpg,0,e
62,images/RET282OD.jpg,0,t
63,images/RET282OS.jpg,0,t
64,images/RET283OS.jpg,0,t
65,images/RET285OS.jpg,0,t
66,images/RET291OD.jpg,0,t
67,images/RET010OS.jpg,1,e
68,images/RET013OD.jpg,1,t
69,images/RET014OS.jpg,1,t
70,images/RET021OS.jpg,1,t
71,images/RET023OS.jpg,1,e
72,images/RET027OS.jpg,1,v
73,images/RET047OS.jpg,1,t
74,images/RET064OD.jpg,1,t
75,images/RET064OS.jpg,1,t
76,images/RET069OD.jpg,1,v
77,images/RET074OD.jpg,1,t
78,images/RET084OD.jpg,1,t
79,images/RET084OS.jpg,1,t
80,images/RET088OD.jpg,1,e
81,images/RET088OS.jpg,1,e
82,images/RET105OD.jpg,1,e
83,images/RET265OS.jpg,1,v
84,images/RET002OD.jpg,2,t
85,images/RET006OS.jpg,2,v
86,images/RET053OD.jpg,2,t
87,images/RET066OS.jpg,2,t
88,images/RET089OD.jpg,2,t
89,images/RET091OD.jpg,2,v
90,images/RET102OD.jpg,2,t
91,images/RET106OD.jpg,2,t
92,images/RET114OS.jpg,2,t
93,images/RET120OD.jpg,2,v
94,images/RET120OS.jpg,2,v
95,images/RET122OD.jpg,2,t
96,images/RET122OS.jpg,2,t
97,images/RET276OS.jpg,2,t
98,images/RET028OD.jpg,0,v
99,images/RET028OS.jpg,0,v
100,images/RET029OD.jpg,0,t
101,images/RET029OS.jpg,0,t
102,images/RET030OS.jpg,0,t
103,images/RET031OD.jpg,0,v
104,images/RET031OS.jpg,0,v
105,images/RET032OD.jpg,0,t
106,images/RET032OS.jpg,0,t
107,images/RET033OD.jpg,0,t
108,images/RET033OS.jpg,0,t
109,images/RET034OS.jpg,0,e
110,images/RET036OD.jpg,0,e
111,images/RET036OS.jpg,0,e
112,images/RET037OD.jpg,0,t
113,images/RET037OS.jpg,0,t
114,images/RET038OS.jpg,0,e
115,images/RET039OD.jpg,0,t
116,images/RET039OS.jpg,0,t
117,images/RET045OD.jpg,0,e
118,images/RET108OD.jpg,0,t
119,images/RET108OS.jpg,0,t
120,images/RET116OD.jpg,0,v
121,images/RET123OD.jpg,0,t
122,images/RET125OS.jpg,0,t
123,images/RET126OD.jpg,0,t
124,images/RET126OS.jpg,0,t
125,images/RET127OS.jpg,0,v
126,images/RET128OD.jpg,0,t
127,images/RET129OD.jpg,0,t
128,images/RET130OD.jpg,0,t
129,images/RET130OS.jpg,0,t
130,images/RET133OS.jpg,0,t
131,images/RET134OD.jpg,0,e
132,images/RET134OS.jpg,0,e
133,images/RET135OD.jpg,0,e
134,images/RET136OD.jpg,0,t
135,images/RET136OS.jpg,0,t
136,images/RET137OS.jpg,0,t
137,images/RET138OD.jpg,0,t
138,images/RET138OS.jpg,0,t
139,images/RET139OD.jpg,0,e
140,images/RET140OD.jpg,0,e
141,images/RET140OS.jpg,0,e
142,images/RET141OD.jpg,0,t
143,images/RET142OD.jpg,0,t
144,images/RET142OS.jpg,0,t
145,images/RET143OD.jpg,0,t
146,images/RET144OD.jpg,0,e
147,images/RET144OS.jpg,0,e
148,images/RET146OD.jpg,0,e
149,images/RET147OS.jpg,0,t
150,images/RET149OD.jpg,0,t
151,images/RET149OS.jpg,0,t
152,images/RET150OD.jpg,0,t
153,images/RET151OD.jpg,0,t
154,images/RET151OS.jpg,0,t
155,images/RET152OD.jpg,0,t
156,images/RET152OS.jpg,0,t
157,images/RET153OD.jpg,0,e
158,images/RET154OD.jpg,0,t
159,images/RET155OD.jpg,0,t
160,images/RET155OS.jpg,0,t
161,images/RET156OD.jpg,0,t
162,images/RET156OS.jpg,0,t
163,images/RET158OD.jpg,0,v
164,images/RET158OS.jpg,0,v
165,images/RET159OD.jpg,0,t
166,images/RET159OS.jpg,0,t
167,images/RET160OD.jpg,0,t
168,images/RET162OD.jpg,0,t
169,images/RET162OS.jpg,0,t
170,images/RET164OD.jpg,0,t
171,images/RET165OS.jpg,0,e
172,images/RET166OS.jpg,0,v
173,images/RET169OD.jpg,0,t
174,images/RET169OS.jpg,0,t
175,images/RET170OD.jpg,0,t
176,images/RET170OS.jpg,0,t
177,images/RET171OD.jpg,0,t
178,images/RET171OS.jpg,0,t
179,images/RET172OD.jpg,0,t
180,images/RET172OS.jpg,0,t
181,images/RET174OD.jpg,0,e
182,images/RET174OS.jpg,0,e
183,images/RET175OS.jpg,0,t
184,images/RET176OD.jpg,0,t
185,images/RET178OS.jpg,0,t
186,images/RET179OD.jpg,0,t
187,images/RET179OS.jpg,0,t
188,images/RET182OS.jpg,0,t
189,images/RET183OS.jpg,0,t
190,images/RET186OS.jpg,0,e
191,images/RET187OS.jpg,0,t
192,images/RET188OD.jpg,0,e
193,images/RET188OS.jpg,0,e
194,images/RET189OS.jpg,0,t
195,images/RET190OD.jpg,0,t
196,images/RET191OD.jpg,0,v
197,images/RET192OD.jpg,0,e
198,images/RET194OD.jpg,0,e
199,images/RET194OS.jpg,0,e
200,images/RET196OD.jpg,0,t
201,images/RET196OS.jpg,0,t
202,images/RET197OS.jpg,0,v
203,images/RET199OS.jpg,0,t
204,images/RET201OS.jpg,0,t
205,images/RET202OS.jpg,0,v
206,images/RET204OD.jpg,0,t
207,images/RET204OS.jpg,0,t
208,images/RET205OD.jpg,0,v
209,images/RET206OD.jpg,0,t
210,images/RET207OD.jpg,0,e
211,images/RET207OS.jpg,0,e
212,images/RET208OD.jpg,0,t
213,images/RET208OS.jpg,0,t
214,images/RET209OD.jpg,0,t
215,images/RET209OS.jpg,0,t
216,images/RET210OS.jpg,0,t
217,images/RET211OD.jpg,0,e
218,images/RET212OS.jpg,0,t
219,images/RET213OD.jpg,0,t
220,images/RET214OD.jpg,0,v
221,images/RET214OS.jpg,0,v
222,images/RET215OD.jpg,0,e
223,images/RET215OS.jpg,0,e
224,images/RET217OD.jpg,0,t
225,images/RET217OS.jpg,0,t
226,images/RET218OD.jpg,0,e
227,images/RET218OS.jpg,0,e
228,images/RET219OS.jpg,0,v
229,images/RET221OS.jpg,0,t
230,images/RET222OD.jpg,0,e
231,images/RET223OD.jpg,0,e
232,images/RET223OS.jpg,0,e
233,images/RET224OS.jpg,0,t
234,images/RET225OD.jpg,0,t
235,images/RET227OS.jpg,0,t
236,images/RET229OD.jpg,0,t
237,images/RET229OS.jpg,0,t
238,images/RET230OD.jpg,0,v
239,images/RET232OD.jpg,0,t
240,images/RET232OS.jpg,0,t
241,images/RET234OD.jpg,0,t
242,images/RET234OS.jpg,0,t
243,images/RET235OS.jpg,0,t
244,images/RET236OS.jpg,0,t
245,images/RET237OS.jpg,0,t
246,images/RET238OD.jpg,0,t
247,images/RET238OS.jpg,0,t
248,images/RET239OD.jpg,0,t
249,images/RET239OS.jpg,0,t
250,images/RET241OD.jpg,0,v
251,images/RET241OS.jpg,0,v
252,images/RET242OD.jpg,0,v
253,images/RET242OS.jpg,0,v
254,images/RET243OD.jpg,0,e
255,images/RET243OS.jpg,0,e
256,images/RET244OD.jpg,0,e
257,images/RET244OS.jpg,0,e
258,images/RET245OD.jpg,0,t
259,images/RET246OD.jpg,0,t
260,images/RET246OS.jpg,0,t
261,images/RET249OD.jpg,0,t
262,images/RET249OS.jpg,0,t
263,images/RET250OD.jpg,0,t
264,images/RET250OS.jpg,0,t
265,images/RET251OD.jpg,0,v
266,images/RET251OS.jpg,0,v
267,images/RET252OD.jpg,0,e
268,images/RET254OD.jpg,0,t
269,images/RET254OS.jpg,0,t
270,images/RET255OD.jpg,0,e
271,images/RET255OS.jpg,0,e
272,images/RET256OS.jpg,0,t
273,images/RET257OD.jpg,0,t
274,images/RET257OS.jpg,0,t
275,images/RET258OS.jpg,0,t
276,images/RET259OS.jpg,0,t
277,images/RET260OD.jpg,0,v
278,images/RET261OD.jpg,0,e
279,images/RET262OD.jpg,0,v
280,images/RET262OS.jpg,0,v
281,images/RET266OD.jpg,0,t
282,images/RET267OS.jpg,0,v
283,images/RET268OD.jpg,0,v
284,images/RET268OS.jpg,0,v
285,images/RET269OD.jpg,0,t
286,images/RET269OS.jpg,0,t
287,images/RET270OS.jpg,0,t
288,images/RET271OD.jpg,0,v
289,images/RET272OS.jpg,0,t
290,images/RET273OD.jpg,0,t
291,images/RET273OS.jpg,0,t
292,images/RET274OD.jpg,0,e
293,images/RET274OS.jpg,0,e
294,images/RET275OD.jpg,0,t
295,images/RET280OD.jpg,0,t
296,images/RET280OS.jpg,0,t
297,images/RET281OS.jpg,0,e
298,images/RET283OD.jpg,0,t
299,images/RET285OD.jpg,0,t
300,images/RET286OD.jpg,0,e
301,images/RET286OS.jpg,0,e
302,images/RET287OD.jpg,0,t
303,images/RET288OD.jpg,0,t
304,images/RET289OD.jpg,0,t
305,images/RET289OS.jpg,0,t
306,images/RET290OS.jpg,0,t
307,images/RET291OS.jpg,0,t
308,images/RET292OS.jpg,0,e
309,images/RET293OD.jpg,0,t
310,images/RET004OD.jpg,1,t
311,images/RET004OS.jpg,1,t
312,images/RET005OS.jpg,1,t
313,images/RET010OD.jpg,1,e
314,images/RET013OS.jpg,1,t
315,images/RET014OD.jpg,1,t
316,images/RET015OD.jpg,1,t
317,images/RET015OS.jpg,1,t
318,images/RET016OD.jpg,1,v
319,images/RET016OS.jpg,1,v
320,images/RET019OD.jpg,1,t
321,images/RET019OS.jpg,1,t
322,images/RET020OD.jpg,1,v
323,images/RET020OS.jpg,1,v
324,images/RET021OD.jpg,1,t
325,images/RET023OD.jpg,1,e
326,images/RET025OD.jpg,1,v
327,images/RET025OS.jpg,1,v
328,images/RET026OD.jpg,1,e
329,images/RET026OS.jpg,1,e
330,images/RET042OD.jpg,1,t
331,images/RET042OS.jpg,1,t
332,images/RET044OD.jpg,1,t
333,images/RET044OS.jpg,1,t
334,images/RET045OS.jpg,1,e
335,images/RET048OS.jpg,1,t
336,images/RET050OD.jpg,1,t
337,images/RET050OS.jpg,1,t
338,images/RET051OS.jpg,1,t
339,images/RET055OD.jpg,1,t
340,images/RET055OS.jpg,1,t
341,images/RET057OD.jpg,1,t
342,images/RET057OS.jpg,1,t
343,images/RET062OS.jpg,1,t
344,images/RET065OD.jpg,1,e
345,images/RET065OS.jpg,1,e
346,images/RET068OD.jpg,1,v
347,images/RET068OS.jpg,1,v
348,images/RET069OS.jpg,1,v
349,images/RET074OS.jpg,1,t
350,images/RET077OD.jpg,1,t
351,images/RET081OS.jpg,1,t
352,images/RET087OD.jpg,1,e
353,images/RET087OS.jpg,1,e
354,images/RET096OS.jpg,1,t
355,images/RET098OS.jpg,1,t
356,images/RET105OS.jpg,1,e
357,images/RET107OS.jpg,1,t
358,images/RET116OS.jpg,1,v
359,images/RET119OS.jpg,1,t
360,images/RET123OS.jpg,1,t
361,images/RET124OD.jpg,1,t
362,images/RET124OS.jpg,1,t
363,images/RET248OD.jpg,1,e
364,images/RET248OS.jpg,1,e
365,images/RET265OD.jpg,1,v
366,images/RET002OS.jpg,2,t
367,images/RET006OD.jpg,2,v
368,images/RET007OS.jpg,2,t
369,images/RET008OD.jpg,2,t
370,images/RET008OS.jpg,2,t
371,images/RET009OD.jpg,2,t
372,images/RET009OS.jpg,2,t
373,images/RET018OD.jpg,2,e
374,images/RET018OS.jpg,2,e
375,images/RET024OS.jpg,2,v
376,images/RET041OD.jpg,2,e
377,images/RET041OS.jpg,2,e
378,images/RET046OD.jpg,2,t
379,images/RET046OS.jpg,2,t
380,images/RET053OS.jpg,2,t
381,images/RET066OD.jpg,2,t
382,images/RET067OD.jpg,2,t
383,images/RET072OD.jpg,2,t
384,images/RET072OS.jpg,2,t
385,images/RET073OD.jpg,2,e
386,images/RET073OS.jpg,2,e
387,images/RET079OD.jpg,2,v
388,images/RET079OS.jpg,2,v
389,images/RET089OS.jpg,2,t
390,images/RET091OS.jpg,2,v
391,images/RET092OD.jpg,2,t
392,images/RET092OS.jpg,2,t
393,images/RET101OS.jpg,2,t
394,images/RET104OD.jpg,2,e
395,images/RET104OS.jpg,2,e
396,images/RET106OS.jpg,2,t
397,images/RET112OD.jpg,2,e
398,images/RET112OS.jpg,2,e
399,images/RET113OS.jpg,2,t
400,images/RET114OD.jpg,2,t
401,images/RET121OD.jpg,2,t
402,images/RET180OD.jpg,2,t
403,images/RET193OS.jpg,2,e
404,images/RET195OD.jpg,2,t
405,images/RET195OS.jpg,2,t
406,images/RET264OD.jpg,2,e
407,images/RET264OS.jpg,2,e
408,images/RET276OD.jpg,2,t
409,images/RET030OD.jpg,0,t
410,images/RET034OD.jpg,0,e
411,images/RET038OD.jpg,0,e
412,images/RET125OD.jpg,0,t
413,images/RET127OD.jpg,0,v
414,images/RET128OS.jpg,0,t
415,images/RET131OS.jpg,0,e
416,images/RET132OS.jpg,0,t
417,images/RET135OS.jpg,0,e
418,images/RET139OS.jpg,0,e
419,images/RET143OS.jpg,0,t
420,images/RET147OD.jpg,0,t
421,images/RET154OS.jpg,0,t
422,images/RET157OD.jpg,0,t
423,images/RET157OS.jpg,0,t
424,images/RET160OS.jpg,0,t
425,images/RET163OD.jpg,0,t
426,images/RET164OS.jpg,0,t
427,images/RET165OD.jpg,0,e
428,images/RET166OD.jpg,0,v
429,images/RET168OD.jpg,0,v
430,images/RET176OS.jpg,0,t
431,images/RET181OD.jpg,0,v
432,images/RET183OD.jpg,0,t
433,images/RET186OD.jpg,0,e
434,images/RET187OD.jpg,0,t
435,images/RET189OD.jpg,0,t
436,images/RET205OS.jpg,0,v
437,images/RET206OS.jpg,0,t
438,images/RET219OD.jpg,0,v
439,images/RET221OD.jpg,0,t
440,images/RET222OS.jpg,0,e
441,images/RET225OS.jpg,0,t
442,images/RET227OD.jpg,0,t
443,images/RET228OD.jpg,0,t
444,images/RET230OS.jpg,0,v
445,images/RET231OS.jpg,0,v
446,images/RET235OD.jpg,0,t
447,images/RET236OD.jpg,0,t
448,images/RET240OD.jpg,0,t
449,images/RET240OS.jpg,0,t
450,images/RET260OS.jpg,0,v
451,images/RET266OS.jpg,0,t
452,images/RET270OD.jpg,0,t
453,images/RET275OS.jpg,0,t
454,images/RET277OD.jpg,0,e
455,images/RET281OD.jpg,0,e
456,images/RET284OD.jpg,0,t
457,images/RET284OS.jpg,0,t
458,images/RET287OS.jpg,0,t
459,images/RET288OS.jpg,0,t
460,images/RET290OD.jpg,0,t
461,images/RET292OD.jpg,0,e
462,images/RET293OS.jpg,0,t
463,images/RET005OD.jpg,1,t
464,images/RET047OD.jpg,1,t
465,images/RET048OD.jpg,1,t
466,images/RET051OD.jpg,1,t
467,images/RET056OD.jpg,1,t
468,images/RET056OS.jpg,1,t
469,images/RET062OD.jpg,1,t
470,images/RET077OS.jpg,1,t
471,images/RET081OD.jpg,1,t
472,images/RET090OD.jpg,1,t
473,images/RET090OS.jpg,1,t
474,images/RET119OD.jpg,1,t
475,images/RET233OD.jpg,1,t
476,images/RET233OS.jpg,1,t
477,images/RET007OD.jpg,2,t
478,images/RET024OD.jpg,2,v
479,images/RET067OS.jpg,2,t
480,images/RET093OD.jpg,2,t
481,images/RET093OS.jpg,2,t
482,images/RET101OD.jpg,2,t
483,images/RET102OS.jpg,2,t
484,images/RET113OD.jpg,2,t
485,images/RET121OS.jpg,2,t
486,images/RET180OS.jpg,2,t
487,images/RET193OD.jpg,2,e
